101011,S100
101021,S101
101031,S102
101041,S103
101051,S104
101061,S105
101071,S106
101081,S107
101091,S108
101101,S109
101111,S10a
101121,S10b
101131,S10c
101141,S10d
102011,S10e
102021,S10f
102031,S110
102041,S111
102051,S112
102061,S113
102071,S114
102081,S115
102091,S116
102101,S117
102111,S118
102121,S119
102131,S11a
102141,S11b
102151,S11c
102161,S11d
103011,S11e
103021,S11f
103031,S120
103041,S121
103051,S122
103061,S123
103071,S124
103081,S125
103091,S126
103101,S127
103111,S128
103121,S129
103131,S12a
103141,S12b
103151,S12c
103161,S12d
103171,S12e
103181,S12f
103191,S130
103201,S131
103211,S132
103221,S133
103231,S134
103241,S135
103251,S136
103261,S137
103271,S138
103281,S139
103291,S13a
103301,S13b
103311,S13c
103321,S13d
103331,S13e
103341,S13f
103351,S140
103361,S141
103371,S142
103381,S143
104011,S144
104021,S145
104031,S146
104041,S147
104051,S148
104061,S149
104071,S14a
104081,S14b
105011,S14c
105021,S14d
105031,S14e
105041,S14f
105051,S150
105061,S151
105071,S152
105081,S153
105091,S154
105101,S155
105111,S156
105121,S157
105131,S158
105141,S159
105151,S15a
105161,S15b
105171,S15c
105181,S15d
105191,S15e
105201,S15f
105211,S160
105221,S161
105231,S162
105241,S163
105251,S164
105261,S165
105271,S166
105281,S167
105291,S168
105301,S169
105311,S16a
105321,S16b
105331,S16c
105341,S16d
105351,S16e
105361,S16f
105371,S170
105381,S171
105391,S172
105401,S173
105411,S174
105421,S175
105431,S176
105441,S177
105451,S178
105461,S179
105471,S17a
105481,S17b
105491,S17c
105501,S17d
105511,S17e
105521,S17f
105531,S180
105541,S181
105551,S182
105561,S183
105571,S184
105581,S185
106011,S186
106021,S187
106031,S188
106041,S189
106051,S18a
106061,S18b
106071,S18c
106081,S18d
106091,S18e
106101,S18f
106111,S190
106121,S191
106131,S192
106141,S193
106151,S194
106161,S195
106171,S196
106181,S197
106191,S198
106201,S199
106211,S19a
106221,S19b
106231,S19c
106241,S19d
106251,S19e
106261,S19f
106271,S1a0
106281,S1a1
106291,S1a2
106301,S1a3
107011,S1a4
107021,S1a5
107031,S1a6
107041,S1a7
107051,S1a8
107061,S1a9
107071,S1aa
107081,S1ab
107091,S1ac
107101,S1ad
107111,S1ae
107121,S1af
107131,S1b0
107141,S1b1
107151,S1b2
107161,S1b3
107171,S1b4
107181,S1b5
107191,S1b6
107201,S1b7
107211,S1b8
107221,S1b9
108011,S1ba
108021,S1bb
108031,S1bc
108041,S1bd
108051,S1be
108061,S1bf
108071,S1c0
108081,S1c1
108091,S1c2
108101,S1c3
108111,S1c4
108121,S1c5
108131,S1c6
108141,S1c7
108151,S1c8
108161,S1c9
108171,S1ca
108181,S1cb
108191,S1cc
109011,S1cd
109021,S1ce
109031,S1cf
109041,S1d0
109051,S1d1
109061,S1d2
109071,S1d3
109081,S1d4
109091,S1d5
109101,S1d6
109111,S1d7
109121,S1d8
109131,S1d9
109141,S1da
109151,S1db
109161,S1dc
109171,S1dd
109181,S1de
109191,S1df
109201,S1e0
109211,S1e1
109221,S1e2
109231,S1e3
109241,S1e4
109251,S1e5
109261,S1e6
109271,S1e7
109281,S1e8
109291,S1e9
109301,S1ea
109311,S1eb
109321,S1ec
109331,S1ed
109341,S1ee
109351,S1ef
109361,S1f0
109371,S1f1
109381,S1f2
109391,S1f3
109401,S1f4
110011,S1f5
110021,S1f6
110031,S1f7
110041,S1f8
110051,S1f9
110061,S1fa
110071,S1fb
110081,S1fc
110091,S1fd
110101,S1fe
110111,S1ff
110121,S200
110131,S201
110141,S202
110151,S203
110161,S204
201011,S205
201021,S206
201031,S207
201041,S208
201051,S209
201061,S20a
201071,S20b
201081,S20c
201091,S20d
201101,S20e
201111,S20f
201121,S210
201131,S211
201141,S212
201151,S213
201161,S214
201171,S215
202011,S216
202012,S217
202021,S218
202022,S219
202031,S21a
202041,S21b
202042,S21c
202051,S21d
202052,S21e
202061,S21f
202071,S220
202081,S221
202082,S222
202091,S223
202092,S224
202101,S225
202102,S226
202111,S227
202121,S228
202131,S229
203011,S22a
203012,S22b
203013,S22c
203014,S22d
203015,S22e
203021,S22f
203022,S230
203031,S231
203032,S232
203041,S233
203051,S234
203052,S235
203061,S236
203062,S237
203071,S238
203072,S239
203073,S23a
203081,S23b
203082,S23c
203083,S23d
203084,S23e
203091,S23f
203092,S240
203093,S241
203101,S242
203102,S243
203103,S244
203111,S245
203112,S246
203113,S247
203121,S248
203122,S249
203123,S24a
203131,S24b
203141,S24c
203151,S24d
203161,S24e
203171,S24f
203181,S250
203191,S251
203201,S252
203202,S253
203203,S254
204011,S255
204012,S256
204013,S257
204014,S258
204021,S259
204022,S25a
204023,S25b
204024,S25c
204031,S25d
204032,S25e
204033,S25f
204034,S260
204041,S261
204042,S262
204043,S263
204044,S264
205011,S265
205012,S266
205013,S267
205014,S268
205015,S269
205021,S26a
205022,S26b
205031,S26c
205032,S26d
205041,S26e
205051,S26f
205052,S270
205061,S271
205062,S272
205071,S273
205081,S274
205082,S275
205083,S276
205091,S277
205101,S278
205102,S279
205103,S27a
205111,S27b
205112,S27c
205113,S27d
205121,S27e
205122,S27f
205123,S280
205131,S281
205141,S282
205151,S283
205161,S284
205171,S285
205181,S286
205191,S287
206011,S288
206012,S289
206013,S28a
206014,S28b
206021,S28c
206022,S28d
206023,S28e
206024,S28f
206031,S290
206032,S291
206041,S292
206042,S293
206043,S294
206051,S295
206052,S296
206053,S297
206054,S298
206061,S299
206062,S29a
206063,S29b
206064,S29c
206065,S29d
206066,S29e
206071,S29f
206072,S2a0
206073,S2a1
206081,S2a2
206091,S2a3
206101,S2a4
206111,S2a5
207011,S2a6
207021,S2a7
207031,S2a8
207041,S2a9
207051,S2aa
207061,S2ab
207071,S2ac
207091,S2ad
207101,S2ae
207111,S2af
207121,S2b0
207131,S2b1
207141,S2b2
207151,S2b3
207161,S2b4
207162,S2b5
207163,S2b6
208011,S2b7
208012,S2b8
208021,S2b9
208022,S2ba
208023,S2bb
208024,S2bc
208031,S2bd
208032,S2be
208033,S2bf
208034,S2c0
208041,S2c1
208042,S2c2
208051,S2c3
208061,S2c4
208071,S2c5
208081,S2c6
208082,S2c7
208091,S2c8
208092,S2c9
208093,S2ca
208094,S2cb
208101,S2cc
208102,S2cd
208103,S2ce
208104,S2cf
208111,S2d0
208112,S2d1
208121,S2d2
208131,S2d3
208141,S2d4
209011,S2d5
209012,S2d6
209013,S2d7
209014,S2d8
209015,S2d9
209021,S2da
209031,S2db
209041,S2dc
209042,S2dd
209043,S2de
209051,S2df
209061,S2e0
209071,S2e1
209081,S2e2
210011,S2e3
210012,S2e4
210021,S2e5
210022,S2e6
210031,S2e7
210032,S2e8
210033,S2e9
210041,S2ea
210042,S2eb
210043,S2ec
210051,S2ed
210052,S2ee
210061,S2ef
210062,S2f0
210071,S2f1
210072,S2f2
210073,S2f3
210074,S2f4
210081,S2f5
210082,S2f6
301011,S2f7
301021,S2f8
301031,S2f9
301032,S2fa
301041,S2fb
301042,S2fc
301043,S2fd
301044,S2fe
401011,S2ff
401021,S300
401031,S301
401041,S302
401051,S303
401061,S304
401071,S305
401081,S306
401091,S307
401101,S308
401102,S309
402011,S30a
402012,S30b
402013,S30c
402021,S30d
402022,S30e
402023,S30f
402024,S310
402031,S311
402032,S312
402033,S313
402041,S314
402042,S315
402043,S316
402044,S317
402045,S318
402051,S319
402052,S31a
402053,S31b
402054,S31c
402055,S31d
402061,S31e
402062,S31f
402063,S320
402071,S321
402072,S322
402073,S323
402081,S324
402082,S325
402083,S326
402091,S327
402101,S328
402111,S329
403011,S32a
403012,S32b
403013,S32c
403021,S32d
403022,S32e
403023,S32f
403031,S330
403041,S331
403042,S332
403043,S333
403044,S334
403051,S335
403052,S336
403061,S337
403062,S338
403071,S339
403072,S33a
404011,S33b
404012,S33c
404013,S33d
404021,S33e
404022,S33f
404023,S340
404031,S341
404032,S342
404033,S343
404041,S344
404042,S345
404043,S346
404051,S347
404052,S348
404053,S349
404061,S34a
404062,S34b
404063,S34c
404071,S34d
404072,S34e
404073,S34f
404081,S350
404082,S351
404083,S352
404091,S353
404092,S354
404093,S355
404101,S356
404111,S357
404112,S358
405011,S359
405012,S35a
405013,S35b
405014,S35c
405015,S35d
405021,S35e
405031,S35f
405041,S360
405051,S361
405052,S362
405061,S363
405062,S364
405071,S365
405072,S366
405081,S367
405091,S368
405101,S369
405111,S36a
405121,S36b
405131,S36c
501011,S36d
501021,S36e
501031,S36f
501041,S370
501051,S371
501061,S372
501071,S373
501081,S374
501091,S375
502011,S376
502021,S377
502022,S378
502023,S379
502024,S37a
502031,S37b
502032,S37c
502033,S37d
502041,S37e
601011,S37f
601012,S380
601021,S381
601031,S382
601041,S383
601051,S384
601061,S385
601071,S386
701011,S387
701012,S388
701021,S389
701022,S38a
701031,S38b
